<?xml version="1.0" encoding="UTF-8"?> 
<java version="1.6.0_26" class="java.beans.XMLDecoder"> 
 <object class="java.util.HashMap"> 
  <void method="put"> 
   <string>fdLinkerType</string> 
   <string>0</string> 
  </void> 
  <void method="put"> 
   <string>sysAttFile_extension</string> 
   <object class="java.util.ArrayList"/> 
  </void> 
  <void method="put"> 
   <string>docCreator</string> 
   <object class="java.util.HashMap"> 
    <void method="put"> 
     <string>fdOrgType</string> 
     <int>8</int> 
    </void> 
    <void method="put"> 
     <string>fdLoginName</string> 
     <string>admin</string> 
    </void> 
    <void method="put"> 
     <string>fdId</string> 
     <string>1183b0b84ee4f581bba001c47a78b2d9</string> 
    </void> 
    <void method="put"> 
     <string>class</string> 
     <string>com.landray.kmss.sys.organization.model.SysOrgPerson</string> 
    </void> 
    <void method="put"> 
     <string>hbmParent.fdName</string> 
     <string></string> 
    </void> 
   </object> 
  </void> 
  <void method="put"> 
   <string>sysAttRtfData_extension</string> 
   <object class="java.util.ArrayList"/> 
  </void> 
  <void method="put"> 
   <string>fdUrlPrefix</string> 
   <string>km/missive</string> 
  </void> 
  <void method="put"> 
   <string>docAlteror</string> 
   <object class="java.util.HashMap"> 
    <void method="put"> 
     <string>fdOrgType</string> 
     <int>8</int> 
    </void> 
    <void method="put"> 
     <string>fdLoginName</string> 
     <string>admin</string> 
    </void> 
    <void method="put"> 
     <string>fdId</string> 
     <string>1183b0b84ee4f581bba001c47a78b2d9</string> 
    </void> 
    <void method="put"> 
     <string>class</string> 
     <string>com.landray.kmss.sys.organization.model.SysOrgPerson</string> 
    </void> 
    <void method="put"> 
     <string>hbmParent.fdName</string> 
     <string></string> 
    </void> 
   </object> 
  </void> 
  <void method="put"> 
   <string>fdLabelList</string> 
   <object class="java.util.ArrayList"> 
    <void method="add"> 
     <object class="java.util.HashMap"> 
      <void method="put"> 
       <string>fdModule</string> 
       <object class="java.util.HashMap"> 
        <void method="put"> 
         <string>fdId</string> 
         <string>12ec2ded833a72ef82c57fc4be5aab74</string> 
        </void> 
        <void method="put"> 
         <string>class</string> 
         <string>com.landray.kmss.third.pda.model.PdaModuleConfigMain</string> 
        </void> 
       </object> 
      </void> 
      <void method="put"> 
       <string>fdId</string> 
       <string>12ec2e3ab8ea878ac57da524c02a0801</string> 
      </void> 
      <void method="put"> 
       <string>class</string> 
       <string>com.landray.kmss.third.pda.model.PdaModuleLabelList</string> 
      </void> 
      <void method="put"> 
       <string>fdOrder</string> 
       <int>0</int> 
      </void> 
      <void method="put"> 
       <string>fdDataUrl</string> 
       <string>/km/missive/km_missive_send_main/kmMissiveSendMain.do?method=list&amp;docStatus=30</string> 
      </void> 
      <void method="put"> 
       <string>fdName</string> 
       <string>发文</string> 
      </void> 
      <void method="put"> 
       <string>fdCountUrl</string> 
       <string></string> 
      </void> 
     </object> 
    </void> 
    <void method="add"> 
     <object class="java.util.HashMap"> 
      <void method="put"> 
       <string>fdModule</string> 
       <object class="java.util.HashMap"> 
        <void method="put"> 
         <string>fdId</string> 
         <string>12ec2ded833a72ef82c57fc4be5aab74</string> 
        </void> 
        <void method="put"> 
         <string>class</string> 
         <string>com.landray.kmss.third.pda.model.PdaModuleConfigMain</string> 
        </void> 
       </object> 
      </void> 
      <void method="put"> 
       <string>fdId</string> 
       <string>12ec2e3ab8e0cfd26461f7149eebda0f</string> 
      </void> 
      <void method="put"> 
       <string>class</string> 
       <string>com.landray.kmss.third.pda.model.PdaModuleLabelList</string> 
      </void> 
      <void method="put"> 
       <string>fdOrder</string> 
       <int>1</int> 
      </void> 
      <void method="put"> 
       <string>fdDataUrl</string> 
       <string>/km/missive/km_missive_receive_main/kmMissiveReceiveMain.do?method=list&amp;docStatus=30</string> 
      </void> 
      <void method="put"> 
       <string>fdName</string> 
       <string>收文</string> 
      </void> 
      <void method="put"> 
       <string>fdCountUrl</string> 
       <string></string> 
      </void> 
     </object> 
    </void> 
   </object> 
  </void> 
  <void method="put"> 
   <string>fdUrlDownLoad</string> 
   <string></string> 
  </void> 
  <void method="put"> 
   <string>sysAttMain_extension</string> 
   <object class="java.util.ArrayList"/> 
  </void> 
  <void method="put"> 
   <string>docAlterTime</string> 
   <object class="java.util.Date"> 
    <long>1426162191000</long> 
   </object> 
  </void> 
  <void method="put"> 
   <string>fdCountUrl</string> 
   <string></string> 
  </void> 
  <void method="put"> 
   <string>fdCreateTime</string> 
   <object class="java.util.Date"> 
    <long>1300349824000</long> 
   </object> 
  </void> 
  <void method="put"> 
   <string>fdStatus</string> 
   <string>0</string> 
  </void> 
  <void method="put"> 
   <string>class</string> 
   <string>com.landray.kmss.third.pda.model.PdaModuleConfigMain</string> 
  </void> 
  <void method="put"> 
   <string>fdUrlScheme</string> 
   <string></string> 
  </void> 
  <void method="put"> 
   <string>fdOrder</string> 
   <int>6</int> 
  </void> 
  <void method="put"> 
   <string>fdSubMenuType</string> 
   <string>listTab</string> 
  </void> 
  <void method="put"> 
   <string>fdName</string> 
   <string>公文管理(政府版)</string> 
  </void> 
  <void method="put"> 
   <string>fdViewItems</string> 
   <object class="java.util.ArrayList"> 
    <void method="add"> 
     <object class="java.util.HashMap"> 
      <void method="put"> 
       <string>fdKeyword</string> 
       <string>km/missive</string> 
      </void> 
      <void method="put"> 
       <string>fdItems</string> 
       <object class="java.util.ArrayList"> 
        <void method="add"> 
         <object class="java.util.HashMap"> 
          <void method="put"> 
           <string>fdCfgView</string> 
           <object class="java.util.HashMap"> 
            <void method="put"> 
             <string>fdId</string> 
             <string>12ec2e3ae68f4e9af9232bd467181d8d</string> 
            </void> 
            <void method="put"> 
             <string>class</string> 
             <string>com.landray.kmss.third.pda.model.PdaModuleConfigView</string> 
            </void> 
           </object> 
          </void> 
          <void method="put"> 
           <string>fdId</string> 
           <string>12ec2e3ae69aea3724da2d3468ea8a3d</string> 
          </void> 
          <void method="put"> 
           <string>fdExtendUrl</string> 
           <string></string> 
          </void> 
          <void method="put"> 
           <string>class</string> 
           <string>com.landray.kmss.third.pda.model.PdaModuleLabelView</string> 
          </void> 
          <void method="put"> 
           <string>fdOrder</string> 
           <int>0</int> 
          </void> 
          <void method="put"> 
           <string>fdName</string> 
           <string>基本信息</string> 
          </void> 
          <void method="put"> 
           <string>fdCfgInfo</string> 
           <string>{&quot;propertyList&quot;:[{&quot;propertyName&quot;:&quot;docSubject&quot;,&quot;propertyType&quot;:&quot;String&quot;,&quot;propertyText&quot;:&quot;文件标题&quot;,&quot;messageKey&quot;:&quot;km-missive:kmMissiveSendMain.docSubject&quot;},{&quot;propertyName&quot;:&quot;fdDocNum&quot;,&quot;propertyType&quot;:&quot;String&quot;,&quot;propertyText&quot;:&quot;发文文号&quot;,&quot;messageKey&quot;:&quot;km-missive:kmMissiveSendMain.fdDocNum&quot;},{&quot;propertyName&quot;:&quot;fdSendtoUnit&quot;,&quot;propertyType&quot;:&quot;com.landray.kmss.km.missive.model.KmMissiveUnit&quot;,&quot;propertyText&quot;:&quot;发文单位&quot;,&quot;messageKey&quot;:&quot;km-missive:kmMissiveSendMain.fdSendtoDept&quot;},{&quot;propertyName&quot;:&quot;fdEmergencyGrade&quot;,&quot;propertyType&quot;:&quot;com.landray.kmss.km.missive.model.KmMissiveEmergencyGrade&quot;,&quot;propertyText&quot;:&quot;缓急程度&quot;,&quot;messageKey&quot;:&quot;km-missive:kmMissiveSendMain.fdEmergencyGrade&quot;},{&quot;propertyName&quot;:&quot;fdSecretGrade&quot;,&quot;propertyType&quot;:&quot;com.landray.kmss.km.missive.model.KmMissiveSecretGrade&quot;,&quot;propertyText&quot;:&quot;密级程度&quot;,&quot;messageKey&quot;:&quot;km-missive:kmMissiveSendMain.fdSecretGrade&quot;},{&quot;propertyName&quot;:&quot;fdSignature&quot;,&quot;propertyType&quot;:&quot;com.landray.kmss.sys.organization.model.SysOrgElement&quot;,&quot;propertyText&quot;:&quot;签发人&quot;,&quot;messageKey&quot;:&quot;km-missive:kmMissiveSendMain.fdSignatureId&quot;},{&quot;propertyName&quot;:&quot;docPublishTime&quot;,&quot;propertyType&quot;:&quot;Date&quot;,&quot;propertyText&quot;:&quot;签发日期&quot;,&quot;messageKey&quot;:&quot;km-missive:kmMissiveSendMain.docPublishTime&quot;},{&quot;propertyName&quot;:&quot;docStatus&quot;,&quot;propertyType&quot;:&quot;String&quot;,&quot;propertyText&quot;:&quot;公文状态&quot;,&quot;messageKey&quot;:&quot;km-missive:kmMissiveReceiveMain.docStatus&quot;,&quot;enumType&quot;:&quot;common_status&quot;},{&quot;propertyName&quot;:&quot;editonline&quot;,&quot;propertyType&quot;:&quot;attachment&quot;,&quot;propertyText&quot;:&quot;正文&quot;,&quot;messageKey&quot;:&quot;km-missive:kmMissiveSendMain.docContent&quot;},{&quot;propertyName&quot;:&quot;attachment&quot;,&quot;propertyType&quot;:&quot;attachment&quot;,&quot;propertyText&quot;:&quot;文档附件&quot;,&quot;messageKey&quot;:&quot;km-missive:kmMissiveSendMain.attachement&quot;}]}</string> 
          </void> 
         </object> 
        </void> 
        <void method="add"> 
         <object class="java.util.HashMap"> 
          <void method="put"> 
           <string>fdCfgView</string> 
           <object class="java.util.HashMap"> 
            <void method="put"> 
             <string>fdId</string> 
             <string>12ec2e3ae68f4e9af9232bd467181d8d</string> 
            </void> 
            <void method="put"> 
             <string>class</string> 
             <string>com.landray.kmss.third.pda.model.PdaModuleConfigView</string> 
            </void> 
           </object> 
          </void> 
          <void method="put"> 
           <string>fdId</string> 
           <string>12efba82ed2d8a1c2a202b147bc95779</string> 
          </void> 
          <void method="put"> 
           <string>fdExtendUrl</string> 
           <string></string> 
          </void> 
          <void method="put"> 
           <string>class</string> 
           <string>com.landray.kmss.third.pda.model.PdaModuleLabelView</string> 
          </void> 
          <void method="put"> 
           <string>fdOrder</string> 
           <int>1</int> 
          </void> 
          <void method="put"> 
           <string>fdName</string> 
           <string>更多信息</string> 
          </void> 
          <void method="put"> 
           <string>fdCfgInfo</string> 
           <string>{&quot;propertyList&quot;:[{&quot;propertyName&quot;:&quot;fdDocType&quot;,&quot;propertyType&quot;:&quot;com.landray.kmss.km.missive.model.KmMissiveType&quot;,&quot;propertyText&quot;:&quot;文种&quot;,&quot;messageKey&quot;:&quot;km-missive:kmMissiveSendMain.fdDocType&quot;},{&quot;propertyName&quot;:&quot;fdSubject&quot;,&quot;propertyType&quot;:&quot;String&quot;,&quot;propertyText&quot;:&quot;主题词&quot;,&quot;messageKey&quot;:&quot;km-missive:kmMissiveSendMain.fdSubject&quot;},{&quot;propertyName&quot;:&quot;fdDraftUnit&quot;,&quot;propertyType&quot;:&quot;com.landray.kmss.km.missive.model.KmMissiveUnit&quot;,&quot;propertyText&quot;:&quot;拟文单位&quot;,&quot;messageKey&quot;:&quot;km-missive:kmMissiveSendMain.fdDraftDeptId&quot;},{&quot;propertyName&quot;:&quot;fdDrafter&quot;,&quot;propertyType&quot;:&quot;com.landray.kmss.sys.organization.model.SysOrgElement&quot;,&quot;propertyText&quot;:&quot;拟稿人&quot;,&quot;messageKey&quot;:&quot;km-missive:kmMissiveSendMain.fdDraftId&quot;},{&quot;propertyName&quot;:&quot;fdDraftTime&quot;,&quot;propertyType&quot;:&quot;Date&quot;,&quot;propertyText&quot;:&quot;拟稿日期&quot;,&quot;messageKey&quot;:&quot;km-missive:kmMissiveSendMain.fdDraftTime&quot;},{&quot;propertyName&quot;:&quot;fdMissiveMainto&quot;,&quot;propertyType&quot;:&quot;com.landray.kmss.km.missive.model.KmMissiveUnit&quot;,&quot;propertyText&quot;:&quot;主送&quot;,&quot;messageKey&quot;:&quot;km-missive:kmMissiveMainMainto&quot;},{&quot;propertyName&quot;:&quot;fdMissiveCopyto&quot;,&quot;propertyType&quot;:&quot;com.landray.kmss.km.missive.model.KmMissiveUnit&quot;,&quot;propertyText&quot;:&quot;抄送&quot;,&quot;messageKey&quot;:&quot;km-missive:kmMissiveMainCopyto&quot;},{&quot;propertyName&quot;:&quot;fdMissiveReportto&quot;,&quot;propertyType&quot;:&quot;com.landray.kmss.km.missive.model.KmMissiveUnit&quot;,&quot;propertyText&quot;:&quot;抄报&quot;,&quot;messageKey&quot;:&quot;km-missive:kmMissiveReportto&quot;},{&quot;propertyName&quot;:&quot;authReaders&quot;,&quot;propertyType&quot;:&quot;com.landray.kmss.sys.organization.model.SysOrgElement&quot;,&quot;propertyText&quot;:&quot;所有可阅读者&quot;,&quot;messageKey&quot;:&quot;km-missive:kmMissiveMainAreader.authAllReaderId&quot;},{&quot;propertyName&quot;:&quot;authAttPrints&quot;,&quot;propertyType&quot;:&quot;com.landray.kmss.sys.organization.model.SysOrgElement&quot;,&quot;propertyText&quot;:&quot;可打印者&quot;,&quot;messageKey&quot;:&quot;km-missive:kmMissiveMainAttprint.authAttPrintId&quot;},{&quot;propertyName&quot;:&quot;authAttCopys&quot;,&quot;propertyType&quot;:&quot;com.landray.kmss.sys.organization.model.SysOrgElement&quot;,&quot;propertyText&quot;:&quot;可拷贝者&quot;,&quot;messageKey&quot;:&quot;km-missive:kmMissiveMainAttcopy.authAttCopyId&quot;},{&quot;propertyName&quot;:&quot;authAttDownloads&quot;,&quot;propertyType&quot;:&quot;com.landray.kmss.sys.organization.model.SysOrgElement&quot;,&quot;propertyText&quot;:&quot;可下载者&quot;,&quot;messageKey&quot;:&quot;km-missive:kmMissiveMainAttdl.authAttDownloadId&quot;}]}</string> 
          </void> 
         </object> 
        </void> 
        <void method="add"> 
         <object class="java.util.HashMap"> 
          <void method="put"> 
           <string>fdCfgView</string> 
           <object class="java.util.HashMap"> 
            <void method="put"> 
             <string>fdId</string> 
             <string>12ec2e3ae68f4e9af9232bd467181d8d</string> 
            </void> 
            <void method="put"> 
             <string>class</string> 
             <string>com.landray.kmss.third.pda.model.PdaModuleConfigView</string> 
            </void> 
           </object> 
          </void> 
          <void method="put"> 
           <string>fdId</string> 
           <string>12ec2e3ae6aac312d853e2148ebaf9b9</string> 
          </void> 
          <void method="put"> 
           <string>fdExtendUrl</string> 
           <string></string> 
          </void> 
          <void method="put"> 
           <string>class</string> 
           <string>com.landray.kmss.third.pda.model.PdaModuleLabelView</string> 
          </void> 
          <void method="put"> 
           <string>fdOrder</string> 
           <int>2</int> 
          </void> 
          <void method="put"> 
           <string>fdName</string> 
           <string>流程</string> 
          </void> 
          <void method="put"> 
           <string>fdCfgInfo</string> 
           <string>{&quot;propertyList&quot;:[{&quot;propertyName&quot;:&quot;flowDef&quot;,&quot;propertyType&quot;:&quot;flowDef&quot;,&quot;propertyText&quot;:&quot;流程机制&quot;,&quot;modelName&quot;:&quot;com.landray.kmss.km.missive.model.KmMissiveSendMain&quot;,&quot;templateModelName&quot;:&quot;com.landray.kmss.km.missive.model.KmMissiveSendTemplate&quot;,&quot;key&quot;:&quot;mainMissiveSend&quot;,&quot;templatePropertyName&quot;:&quot;fdTemplate&quot;,&quot;moduleMessageKey&quot;:&quot;km-missive:menu.kmMissiveSend.title&quot;,&quot;type&quot;:&quot;oa&quot;},{&quot;propertyName&quot;:&quot;flowlog&quot;,&quot;propertyType&quot;:&quot;flowlog&quot;,&quot;propertyText&quot;:&quot;流程日志&quot;,&quot;modelName&quot;:&quot;com.landray.kmss.km.missive.model.KmMissiveSendMain&quot;,&quot;templateModelName&quot;:&quot;com.landray.kmss.km.missive.model.KmMissiveSendTemplate&quot;,&quot;key&quot;:&quot;mainMissiveSend&quot;,&quot;templatePropertyName&quot;:&quot;fdTemplate&quot;,&quot;moduleMessageKey&quot;:&quot;km-missive:menu.kmMissiveSend.title&quot;,&quot;type&quot;:&quot;oa&quot;}]}</string> 
          </void> 
         </object> 
        </void> 
       </object> 
      </void> 
      <void method="put"> 
       <string>fdModule</string> 
       <object class="java.util.HashMap"> 
        <void method="put"> 
         <string>fdId</string> 
         <string>12ec2ded833a72ef82c57fc4be5aab74</string> 
        </void> 
        <void method="put"> 
         <string>class</string> 
         <string>com.landray.kmss.third.pda.model.PdaModuleConfigMain</string> 
        </void> 
       </object> 
      </void> 
      <void method="put"> 
       <string>fdModelName</string> 
       <string>com.landray.kmss.km.missive.model.KmMissiveSendMain</string> 
      </void> 
      <void method="put"> 
       <string>fdId</string> 
       <string>12ec2e3ae68f4e9af9232bd467181d8d</string> 
      </void> 
      <void method="put"> 
       <string>class</string> 
       <string>com.landray.kmss.third.pda.model.PdaModuleConfigView</string> 
      </void> 
      <void method="put"> 
       <string>fdReadingModel</string> 
       <string>1</string> 
      </void> 
      <void method="put"> 
       <string>fdOrder</string> 
       <int>0</int> 
      </void> 
      <void method="put"> 
       <string>fdName</string> 
       <string>发文信息</string> 
      </void> 
      <void method="put"> 
       <string>fdNewsModelCfgInfo</string> 
       <string>{&quot;status&quot;:{&quot;propertyName&quot;:&quot;docStatus&quot;,&quot;propertyType&quot;:&quot;String&quot;,&quot;propertyText&quot;:&quot;公文状态&quot;,&quot;messageKey&quot;:&quot;km-missive:kmMissiveReceiveMain.docStatus&quot;,&quot;enumType&quot;:&quot;common_status&quot;},&quot;subject&quot;:{&quot;propertyName&quot;:&quot;docSubject&quot;,&quot;propertyType&quot;:&quot;String&quot;,&quot;propertyText&quot;:&quot;文件标题&quot;,&quot;messageKey&quot;:&quot;km-missive:kmMissiveSendMain.docSubject&quot;},&quot;summary&quot;:[{&quot;propertyName&quot;:&quot;fdDocNum&quot;,&quot;propertyType&quot;:&quot;String&quot;,&quot;propertyText&quot;:&quot;发文文号&quot;,&quot;messageKey&quot;:&quot;km-missive:kmMissiveSendMain.fdDocNum&quot;}],&quot;contents&quot;:[{&quot;propertyName&quot;:&quot;editonline&quot;,&quot;propertyType&quot;:&quot;attachment&quot;,&quot;propertyText&quot;:&quot;正文&quot;,&quot;messageKey&quot;:&quot;km-missive:kmMissiveSendMain.docContent&quot;}],&quot;attachments&quot;:[{&quot;propertyName&quot;:&quot;attachment&quot;,&quot;propertyType&quot;:&quot;attachment&quot;,&quot;propertyText&quot;:&quot;文档附件&quot;,&quot;messageKey&quot;:&quot;km-missive:kmMissiveSendMain.attachement&quot;}],&quot;others&quot;:[{&quot;propertyName&quot;:&quot;relation&quot;,&quot;propertyType&quot;:&quot;relation&quot;,&quot;propertyText&quot;:&quot;关联机制&quot;}]}</string> 
      </void> 
     </object> 
    </void> 
    <void method="add"> 
     <object class="java.util.HashMap"> 
      <void method="put"> 
       <string>fdKeyword</string> 
       <string>km/missive</string> 
      </void> 
      <void method="put"> 
       <string>fdItems</string> 
       <object class="java.util.ArrayList"> 
        <void method="add"> 
         <object class="java.util.HashMap"> 
          <void method="put"> 
           <string>fdCfgView</string> 
           <object class="java.util.HashMap"> 
            <void method="put"> 
             <string>fdId</string> 
             <string>12ec2e3ae60621960a74427429598e9e</string> 
            </void> 
            <void method="put"> 
             <string>class</string> 
             <string>com.landray.kmss.third.pda.model.PdaModuleConfigView</string> 
            </void> 
           </object> 
          </void> 
          <void method="put"> 
           <string>fdId</string> 
           <string>12ec2e3ae667e738d7b813f4f1d8aa28</string> 
          </void> 
          <void method="put"> 
           <string>fdExtendUrl</string> 
           <string></string> 
          </void> 
          <void method="put"> 
           <string>class</string> 
           <string>com.landray.kmss.third.pda.model.PdaModuleLabelView</string> 
          </void> 
          <void method="put"> 
           <string>fdOrder</string> 
           <int>0</int> 
          </void> 
          <void method="put"> 
           <string>fdName</string> 
           <string>基本信息</string> 
          </void> 
          <void method="put"> 
           <string>fdCfgInfo</string> 
           <string>{&quot;propertyList&quot;:[{&quot;propertyName&quot;:&quot;docSubject&quot;,&quot;propertyType&quot;:&quot;String&quot;,&quot;propertyText&quot;:&quot;来文标题&quot;,&quot;messageKey&quot;:&quot;km-missive:kmMissiveReceiveMain.docSubject&quot;},{&quot;propertyName&quot;:&quot;fdReceiveDocNum&quot;,&quot;propertyType&quot;:&quot;String&quot;,&quot;propertyText&quot;:&quot;来文文号&quot;,&quot;messageKey&quot;:&quot;km-missive:kmMissiveReceiveMain.fdReceiveDocNum&quot;},{&quot;propertyName&quot;:&quot;fdSendtoUnit&quot;,&quot;propertyType&quot;:&quot;com.landray.kmss.km.missive.model.KmMissiveUnit&quot;,&quot;propertyText&quot;:&quot;来文单位&quot;,&quot;messageKey&quot;:&quot;km-missive:kmMissiveReceiveMain.fdSendtoDept&quot;},{&quot;propertyName&quot;:&quot;fdReceiveNum&quot;,&quot;propertyType&quot;:&quot;String&quot;,&quot;propertyText&quot;:&quot;收文编号&quot;,&quot;messageKey&quot;:&quot;km-missive:kmMissiveReceiveMain.fdReceiveNum&quot;},{&quot;propertyName&quot;:&quot;fdReceiveTime&quot;,&quot;propertyType&quot;:&quot;Date&quot;,&quot;propertyText&quot;:&quot;收文日期&quot;,&quot;messageKey&quot;:&quot;km-missive:kmMissiveReceiveMain.fdReceiveTime&quot;},{&quot;propertyName&quot;:&quot;fdEmergencyGrade&quot;,&quot;propertyType&quot;:&quot;com.landray.kmss.km.missive.model.KmMissiveEmergencyGrade&quot;,&quot;propertyText&quot;:&quot;缓急程度&quot;,&quot;messageKey&quot;:&quot;km-missive:kmMissiveSendMain.fdEmergencyGrade&quot;},{&quot;propertyName&quot;:&quot;fdSecretGrade&quot;,&quot;propertyType&quot;:&quot;com.landray.kmss.km.missive.model.KmMissiveSecretGrade&quot;,&quot;propertyText&quot;:&quot;密级程度&quot;,&quot;messageKey&quot;:&quot;km-missive:kmMissiveSendMain.fdSecretGrade&quot;},{&quot;propertyName&quot;:&quot;docStatus&quot;,&quot;propertyType&quot;:&quot;String&quot;,&quot;propertyText&quot;:&quot;公文状态&quot;,&quot;messageKey&quot;:&quot;km-missive:kmMissiveReceiveMain.docStatus&quot;,&quot;enumType&quot;:&quot;common_status&quot;},{&quot;propertyName&quot;:&quot;editonline&quot;,&quot;propertyType&quot;:&quot;attachment&quot;,&quot;propertyText&quot;:&quot;正文&quot;,&quot;messageKey&quot;:&quot;km-missive:kmMissiveReceiveMain.docContent&quot;},{&quot;propertyName&quot;:&quot;attachment&quot;,&quot;propertyType&quot;:&quot;attachment&quot;,&quot;propertyText&quot;:&quot;文档附件&quot;,&quot;messageKey&quot;:&quot;km-missive:kmMissiveReceiveMain.attachement&quot;}]}</string> 
          </void> 
         </object> 
        </void> 
        <void method="add"> 
         <object class="java.util.HashMap"> 
          <void method="put"> 
           <string>fdCfgView</string> 
           <object class="java.util.HashMap"> 
            <void method="put"> 
             <string>fdId</string> 
             <string>12ec2e3ae60621960a74427429598e9e</string> 
            </void> 
            <void method="put"> 
             <string>class</string> 
             <string>com.landray.kmss.third.pda.model.PdaModuleConfigView</string> 
            </void> 
           </object> 
          </void> 
          <void method="put"> 
           <string>fdId</string> 
           <string>12f106cb9694c828019ddc7415480d90</string> 
          </void> 
          <void method="put"> 
           <string>fdExtendUrl</string> 
           <string></string> 
          </void> 
          <void method="put"> 
           <string>class</string> 
           <string>com.landray.kmss.third.pda.model.PdaModuleLabelView</string> 
          </void> 
          <void method="put"> 
           <string>fdOrder</string> 
           <int>1</int> 
          </void> 
          <void method="put"> 
           <string>fdName</string> 
           <string>更多信息</string> 
          </void> 
          <void method="put"> 
           <string>fdCfgInfo</string> 
           <string>{&quot;propertyList&quot;:[{&quot;propertyName&quot;:&quot;fdDocType&quot;,&quot;propertyType&quot;:&quot;com.landray.kmss.km.missive.model.KmMissiveType&quot;,&quot;propertyText&quot;:&quot;文种&quot;,&quot;messageKey&quot;:&quot;km-missive:kmMissiveSendMain.fdDocType&quot;},{&quot;propertyName&quot;:&quot;fdRecorder&quot;,&quot;propertyType&quot;:&quot;com.landray.kmss.sys.organization.model.SysOrgElement&quot;,&quot;propertyText&quot;:&quot;登记人&quot;,&quot;messageKey&quot;:&quot;km-missive:kmMissiveReceiveMain.fdRecorderId&quot;},{&quot;propertyName&quot;:&quot;fdRecordTime&quot;,&quot;propertyType&quot;:&quot;Date&quot;,&quot;propertyText&quot;:&quot;登记日期&quot;,&quot;messageKey&quot;:&quot;km-missive:kmMissiveReceiveMain.fdRecordTime&quot;},{&quot;propertyName&quot;:&quot;authReaders&quot;,&quot;propertyType&quot;:&quot;com.landray.kmss.sys.organization.model.SysOrgElement&quot;,&quot;propertyText&quot;:&quot;所有可阅读者&quot;,&quot;messageKey&quot;:&quot;km-missive:kmMissiveMainAreader.authAllReaderId&quot;},{&quot;propertyName&quot;:&quot;authAttPrints&quot;,&quot;propertyType&quot;:&quot;com.landray.kmss.sys.organization.model.SysOrgElement&quot;,&quot;propertyText&quot;:&quot;可打印者&quot;,&quot;messageKey&quot;:&quot;km-missive:kmMissiveMainAttprint.authAttPrintId&quot;},{&quot;propertyName&quot;:&quot;authAttCopys&quot;,&quot;propertyType&quot;:&quot;com.landray.kmss.sys.organization.model.SysOrgElement&quot;,&quot;propertyText&quot;:&quot;可拷贝者&quot;,&quot;messageKey&quot;:&quot;km-missive:kmMissiveMainAttcopy.authAttCopyId&quot;},{&quot;propertyName&quot;:&quot;authAttDownloads&quot;,&quot;propertyType&quot;:&quot;com.landray.kmss.sys.organization.model.SysOrgElement&quot;,&quot;propertyText&quot;:&quot;可下载者&quot;,&quot;messageKey&quot;:&quot;km-missive:kmMissiveMainAttdl.authAttDownloadId&quot;}]}</string> 
          </void> 
         </object> 
        </void> 
        <void method="add"> 
         <object class="java.util.HashMap"> 
          <void method="put"> 
           <string>fdCfgView</string> 
           <object class="java.util.HashMap"> 
            <void method="put"> 
             <string>fdId</string> 
             <string>12ec2e3ae60621960a74427429598e9e</string> 
            </void> 
            <void method="put"> 
             <string>class</string> 
             <string>com.landray.kmss.third.pda.model.PdaModuleConfigView</string> 
            </void> 
           </object> 
          </void> 
          <void method="put"> 
           <string>fdId</string> 
           <string>12ec2e3ae67e7414dae11da454e9b14d</string> 
          </void> 
          <void method="put"> 
           <string>fdExtendUrl</string> 
           <string></string> 
          </void> 
          <void method="put"> 
           <string>class</string> 
           <string>com.landray.kmss.third.pda.model.PdaModuleLabelView</string> 
          </void> 
          <void method="put"> 
           <string>fdOrder</string> 
           <int>2</int> 
          </void> 
          <void method="put"> 
           <string>fdName</string> 
           <string>流程</string> 
          </void> 
          <void method="put"> 
           <string>fdCfgInfo</string> 
           <string>{&quot;propertyList&quot;:[{&quot;propertyName&quot;:&quot;flowDef&quot;,&quot;propertyType&quot;:&quot;flowDef&quot;,&quot;propertyText&quot;:&quot;流程机制&quot;,&quot;modelName&quot;:&quot;com.landray.kmss.km.missive.model.KmMissiveReceiveMain&quot;,&quot;templateModelName&quot;:&quot;com.landray.kmss.km.missive.model.KmMissiveReceiveTemplate&quot;,&quot;key&quot;:&quot;mainMissiveReceive&quot;,&quot;templatePropertyName&quot;:&quot;fdTemplate&quot;,&quot;moduleMessageKey&quot;:&quot;km-missive:menu.kmMissiveReceive.title&quot;,&quot;type&quot;:&quot;oa&quot;},{&quot;propertyName&quot;:&quot;flowlog&quot;,&quot;propertyType&quot;:&quot;flowlog&quot;,&quot;propertyText&quot;:&quot;流程日志&quot;,&quot;modelName&quot;:&quot;com.landray.kmss.km.missive.model.KmMissiveReceiveMain&quot;,&quot;templateModelName&quot;:&quot;com.landray.kmss.km.missive.model.KmMissiveReceiveTemplate&quot;,&quot;key&quot;:&quot;mainMissiveReceive&quot;,&quot;templatePropertyName&quot;:&quot;fdTemplate&quot;,&quot;moduleMessageKey&quot;:&quot;km-missive:menu.kmMissiveReceive.title&quot;,&quot;type&quot;:&quot;oa&quot;}]}</string> 
          </void> 
         </object> 
        </void> 
       </object> 
      </void> 
      <void method="put"> 
       <string>fdModule</string> 
       <object class="java.util.HashMap"> 
        <void method="put"> 
         <string>fdId</string> 
         <string>12ec2ded833a72ef82c57fc4be5aab74</string> 
        </void> 
        <void method="put"> 
         <string>class</string> 
         <string>com.landray.kmss.third.pda.model.PdaModuleConfigMain</string> 
        </void> 
       </object> 
      </void> 
      <void method="put"> 
       <string>fdModelName</string> 
       <string>com.landray.kmss.km.missive.model.KmMissiveReceiveMain</string> 
      </void> 
      <void method="put"> 
       <string>fdId</string> 
       <string>12ec2e3ae60621960a74427429598e9e</string> 
      </void> 
      <void method="put"> 
       <string>class</string> 
       <string>com.landray.kmss.third.pda.model.PdaModuleConfigView</string> 
      </void> 
      <void method="put"> 
       <string>fdReadingModel</string> 
       <string>1</string> 
      </void> 
      <void method="put"> 
       <string>fdOrder</string> 
       <int>1</int> 
      </void> 
      <void method="put"> 
       <string>fdName</string> 
       <string>收文信息</string> 
      </void> 
      <void method="put"> 
       <string>fdNewsModelCfgInfo</string> 
       <string>{&quot;status&quot;:{&quot;propertyName&quot;:&quot;docStatus&quot;,&quot;propertyType&quot;:&quot;String&quot;,&quot;propertyText&quot;:&quot;公文状态&quot;,&quot;messageKey&quot;:&quot;km-missive:kmMissiveReceiveMain.docStatus&quot;,&quot;enumType&quot;:&quot;common_status&quot;},&quot;subject&quot;:{&quot;propertyName&quot;:&quot;docSubject&quot;,&quot;propertyType&quot;:&quot;String&quot;,&quot;propertyText&quot;:&quot;来文标题&quot;,&quot;messageKey&quot;:&quot;km-missive:kmMissiveReceiveMain.docSubject&quot;},&quot;summary&quot;:[{&quot;propertyName&quot;:&quot;fdReceiveDocNum&quot;,&quot;propertyType&quot;:&quot;String&quot;,&quot;propertyText&quot;:&quot;来文文号&quot;,&quot;messageKey&quot;:&quot;km-missive:kmMissiveReceiveMain.fdReceiveDocNum&quot;}],&quot;contents&quot;:[{&quot;propertyName&quot;:&quot;editonline&quot;,&quot;propertyType&quot;:&quot;attachment&quot;,&quot;propertyText&quot;:&quot;正文&quot;,&quot;messageKey&quot;:&quot;km-missive:kmMissiveReceiveMain.docContent&quot;}],&quot;attachments&quot;:[{&quot;propertyName&quot;:&quot;attachment&quot;,&quot;propertyType&quot;:&quot;attachment&quot;,&quot;propertyText&quot;:&quot;文档附件&quot;,&quot;messageKey&quot;:&quot;km-missive:kmMissiveReceiveMain.attachement&quot;}],&quot;others&quot;:[{&quot;propertyName&quot;:&quot;relation&quot;,&quot;propertyType&quot;:&quot;relation&quot;,&quot;propertyText&quot;:&quot;关联机制&quot;}]}</string> 
      </void> 
     </object> 
    </void> 
   </object> 
  </void> 
  <void method="put"> 
   <string>fdIconUrl</string> 
   <string>/third/pda/resource/images/icon/module_m11.png</string> 
  </void> 
  <void method="put"> 
   <string>fdAppType</string> 
   <string>0</string> 
  </void> 
  <void method="put"> 
   <string>fdId</string> 
   <string>12ec2ded833a72ef82c57fc4be5aab74</string> 
  </void> 
  <void method="put"> 
   <string>authChangeReaderFlag</string> 
   <boolean>false</boolean> 
  </void> 
  <void method="put"> 
   <string>authAllReaders</string> 
   <object class="java.util.ArrayList"> 
    <void method="add"> 
     <object class="java.util.HashMap"> 
      <void method="put"> 
       <string>fdOrgType</string> 
       <int>8</int> 
      </void> 
      <void method="put"> 
       <string>fdLoginName</string> 
       <string>everyone</string> 
      </void> 
      <void method="put"> 
       <string>fdId</string> 
       <string>1183b0b84ee4f581bba001c47a78b39d</string> 
      </void> 
      <void method="put"> 
       <string>class</string> 
       <string>com.landray.kmss.sys.organization.model.SysOrgPerson</string> 
      </void> 
      <void method="put"> 
       <string>hbmParent.fdName</string> 
       <string></string> 
      </void> 
     </object> 
    </void> 
   </object> 
  </void> 
  <void method="put"> 
   <string>fdDescription</string> 
   <string>查阅公司各类行政事务公告</string> 
  </void> 
 </object> 
</java> 
