<?xml version="1.0" encoding="UTF-8"?> 
<java version="1.6.0_26" class="java.beans.XMLDecoder"> 
 <object class="java.util.HashMap"> 
  <void method="put"> 
   <string>fdLinkerType</string> 
   <string>0</string> 
  </void> 
  <void method="put"> 
   <string>sysAttFile_extension</string> 
   <object class="java.util.ArrayList"/> 
  </void> 
  <void method="put"> 
   <string>docCreator</string> 
   <object class="java.util.HashMap"> 
    <void method="put"> 
     <string>fdOrgType</string> 
     <int>8</int> 
    </void> 
    <void method="put"> 
     <string>fdLoginName</string> 
     <string>admin</string> 
    </void> 
    <void method="put"> 
     <string>fdId</string> 
     <string>1183b0b84ee4f581bba001c47a78b2d9</string> 
    </void> 
    <void method="put"> 
     <string>class</string> 
     <string>com.landray.kmss.sys.organization.model.SysOrgPerson</string> 
    </void> 
    <void method="put"> 
     <string>hbmParent.fdName</string> 
     <string></string> 
    </void> 
   </object> 
  </void> 
  <void method="put"> 
   <string>fdStatus</string> 
   <string>1</string> 
  </void> 
  <void method="put"> 
   <string>sysAttRtfData_extension</string> 
   <object class="java.util.ArrayList"/> 
  </void> 
  <void method="put"> 
   <string>fdUrlScheme</string> 
   <string></string> 
  </void> 
  <void method="put"> 
   <string>class</string> 
   <string>com.landray.kmss.third.pda.model.PdaModuleConfigMain</string> 
  </void> 
  <void method="put"> 
   <string>fdOrder</string> 
   <int>4</int> 
  </void> 
  <void method="put"> 
   <string>fdSubMenuType</string> 
   <string>doc</string> 
  </void> 
  <void method="put"> 
   <string>fdName</string> 
   <string>员工黄页</string> 
  </void> 
  <void method="put"> 
   <string>fdUrlPrefix</string> 
   <string>sys/zone</string> 
  </void> 
  <void method="put"> 
   <string>docAlteror</string> 
   <object class="java.util.HashMap"> 
    <void method="put"> 
     <string>fdOrgType</string> 
     <int>8</int> 
    </void> 
    <void method="put"> 
     <string>fdLoginName</string> 
     <string>admin</string> 
    </void> 
    <void method="put"> 
     <string>fdId</string> 
     <string>1183b0b84ee4f581bba001c47a78b2d9</string> 
    </void> 
    <void method="put"> 
     <string>class</string> 
     <string>com.landray.kmss.sys.organization.model.SysOrgPerson</string> 
    </void> 
    <void method="put"> 
     <string>hbmParent.fdName</string> 
     <string></string> 
    </void> 
   </object> 
  </void> 
  <void method="put"> 
   <string>fdAppType</string> 
   <string>0</string> 
  </void> 
  <void method="put"> 
   <string>fdSubDocLink</string> 
   <string>/sys/zone/mobile</string> 
  </void> 
  <void method="put"> 
   <string>fdIconUrl</string> 
   <string>/third/pda/resource/images/icon/module_m06.png</string> 
  </void> 
  <void method="put"> 
   <string>fdUrlDownLoad</string> 
   <string></string> 
  </void> 
  <void method="put"> 
   <string>fdId</string> 
   <string>130da4549abae79bd1a5cd645f784bb7</string> 
  </void> 
  <void method="put"> 
   <string>authChangeReaderFlag</string> 
   <boolean>false</boolean> 
  </void> 
  <void method="put"> 
   <string>authAllReaders</string> 
   <object class="java.util.ArrayList"> 
    <void method="add"> 
     <object class="java.util.HashMap"> 
      <void method="put"> 
       <string>fdOrgType</string> 
       <int>8</int> 
      </void> 
      <void method="put"> 
       <string>fdLoginName</string> 
       <string>everyone</string> 
      </void> 
      <void method="put"> 
       <string>fdId</string> 
       <string>1183b0b84ee4f581bba001c47a78b39d</string> 
      </void> 
      <void method="put"> 
       <string>class</string> 
       <string>com.landray.kmss.sys.organization.model.SysOrgPerson</string> 
      </void> 
      <void method="put"> 
       <string>hbmParent.fdName</string> 
       <string></string> 
      </void> 
     </object> 
    </void> 
   </object> 
  </void> 
  <void method="put"> 
   <string>sysAttMain_extension</string> 
   <object class="java.util.ArrayList"/> 
  </void> 
  <void method="put"> 
   <string>fdDescription</string> 
   <string>员工黄页与企业通讯录一体</string> 
  </void> 
  <void method="put"> 
   <string>docAlterTime</string> 
   <object class="java.util.Date"> 
    <long>1426219496000</long> 
   </object> 
  </void> 
  <void method="put"> 
   <string>fdCreateTime</string> 
   <object class="java.util.Date"> 
    <long>1309332108000</long> 
   </object> 
  </void> 
  <void method="put"> 
   <string>fdCountUrl</string> 
   <string></string> 
  </void> 
 </object> 
</java> 
