<?xml version="1.0" encoding="UTF-8"?> 
<java version="1.6.0_26" class="java.beans.XMLDecoder"> 
 <object class="java.util.HashMap"> 
  <void method="put"> 
   <string>fdLinkerType</string> 
   <string>0</string> 
  </void> 
  <void method="put"> 
   <string>sysAttFile_extension</string> 
   <object class="java.util.ArrayList"/> 
  </void> 
  <void method="put"> 
   <string>docCreator</string> 
   <object class="java.util.HashMap"> 
    <void method="put"> 
     <string>fdOrgType</string> 
     <int>8</int> 
    </void> 
    <void method="put"> 
     <string>fdLoginName</string> 
     <string>admin</string> 
    </void> 
    <void method="put"> 
     <string>fdId</string> 
     <string>1183b0b84ee4f581bba001c47a78b2d9</string> 
    </void> 
    <void method="put"> 
     <string>class</string> 
     <string>com.landray.kmss.sys.organization.model.SysOrgPerson</string> 
    </void> 
    <void method="put"> 
     <string>hbmParent.fdName</string> 
     <string></string> 
    </void> 
   </object> 
  </void> 
  <void method="put"> 
   <string>sysAttRtfData_extension</string> 
   <object class="java.util.ArrayList"/> 
  </void> 
  <void method="put"> 
   <string>fdUrlPrefix</string> 
   <string>km/meeting</string> 
  </void> 
  <void method="put"> 
   <string>docAlteror</string> 
   <object class="java.util.HashMap"> 
    <void method="put"> 
     <string>fdOrgType</string> 
     <int>8</int> 
    </void> 
    <void method="put"> 
     <string>fdLoginName</string> 
     <string>admin</string> 
    </void> 
    <void method="put"> 
     <string>fdId</string> 
     <string>1183b0b84ee4f581bba001c47a78b2d9</string> 
    </void> 
    <void method="put"> 
     <string>class</string> 
     <string>com.landray.kmss.sys.organization.model.SysOrgPerson</string> 
    </void> 
    <void method="put"> 
     <string>hbmParent.fdName</string> 
     <string></string> 
    </void> 
   </object> 
  </void> 
  <void method="put"> 
   <string>fdLabelList</string> 
   <object class="java.util.ArrayList"> 
    <void method="add"> 
     <object class="java.util.HashMap"> 
      <void method="put"> 
       <string>fdModule</string> 
       <object class="java.util.HashMap"> 
        <void method="put"> 
         <string>fdId</string> 
         <string>131083dd0a770d1bb9d5f5f40aa8e8e5</string> 
        </void> 
        <void method="put"> 
         <string>class</string> 
         <string>com.landray.kmss.third.pda.model.PdaModuleConfigMain</string> 
        </void> 
       </object> 
      </void> 
      <void method="put"> 
       <string>fdId</string> 
       <string>131083e9c6d90fb945d132a4cb187bfe</string> 
      </void> 
      <void method="put"> 
       <string>class</string> 
       <string>com.landray.kmss.third.pda.model.PdaModuleLabelList</string> 
      </void> 
      <void method="put"> 
       <string>fdOrder</string> 
       <int>0</int> 
      </void> 
      <void method="put"> 
       <string>fdDataUrl</string> 
       <string>/km/meeting/km_meeting_main/kmMeetingMain.do?method=listChildren&amp;mydoc=false&amp;status=30&amp;isHold=false</string> 
      </void> 
      <void method="put"> 
       <string>fdName</string> 
       <string>未召开会议</string> 
      </void> 
      <void method="put"> 
       <string>fdCountUrl</string> 
       <string></string> 
      </void> 
     </object> 
    </void> 
    <void method="add"> 
     <object class="java.util.HashMap"> 
      <void method="put"> 
       <string>fdModule</string> 
       <object class="java.util.HashMap"> 
        <void method="put"> 
         <string>fdId</string> 
         <string>131083dd0a770d1bb9d5f5f40aa8e8e5</string> 
        </void> 
        <void method="put"> 
         <string>class</string> 
         <string>com.landray.kmss.third.pda.model.PdaModuleConfigMain</string> 
        </void> 
       </object> 
      </void> 
      <void method="put"> 
       <string>fdId</string> 
       <string>1311c63e59149d51474bb85409aa5e02</string> 
      </void> 
      <void method="put"> 
       <string>class</string> 
       <string>com.landray.kmss.third.pda.model.PdaModuleLabelList</string> 
      </void> 
      <void method="put"> 
       <string>fdOrder</string> 
       <int>1</int> 
      </void> 
      <void method="put"> 
       <string>fdDataUrl</string> 
       <string>/km/meeting/km_meeting_main/kmMeetingMain.do?method=listChildren&amp;mydoc=false&amp;status=30&amp;isHold=true</string> 
      </void> 
      <void method="put"> 
       <string>fdName</string> 
       <string>已召开会议</string> 
      </void> 
      <void method="put"> 
       <string>fdCountUrl</string> 
       <string></string> 
      </void> 
     </object> 
    </void> 
    <void method="add"> 
     <object class="java.util.HashMap"> 
      <void method="put"> 
       <string>fdModule</string> 
       <object class="java.util.HashMap"> 
        <void method="put"> 
         <string>fdId</string> 
         <string>131083dd0a770d1bb9d5f5f40aa8e8e5</string> 
        </void> 
        <void method="put"> 
         <string>class</string> 
         <string>com.landray.kmss.third.pda.model.PdaModuleConfigMain</string> 
        </void> 
       </object> 
      </void> 
      <void method="put"> 
       <string>fdId</string> 
       <string>1311c63e5916a0b0cb7f6c84282a2754</string> 
      </void> 
      <void method="put"> 
       <string>class</string> 
       <string>com.landray.kmss.third.pda.model.PdaModuleLabelList</string> 
      </void> 
      <void method="put"> 
       <string>fdOrder</string> 
       <int>2</int> 
      </void> 
      <void method="put"> 
       <string>fdDataUrl</string> 
       <string>/km/meeting/km_meeting_summary/kmMeetingSummary.do?method=list&amp;status=30</string> 
      </void> 
      <void method="put"> 
       <string>fdName</string> 
       <string>会议纪要</string> 
      </void> 
      <void method="put"> 
       <string>fdCountUrl</string> 
       <string></string> 
      </void> 
     </object> 
    </void> 
   </object> 
  </void> 
  <void method="put"> 
   <string>fdUrlDownLoad</string> 
   <string></string> 
  </void> 
  <void method="put"> 
   <string>sysAttMain_extension</string> 
   <object class="java.util.ArrayList"/> 
  </void> 
  <void method="put"> 
   <string>docAlterTime</string> 
   <object class="java.util.Date"> 
    <long>1426162320000</long> 
   </object> 
  </void> 
  <void method="put"> 
   <string>fdCountUrl</string> 
   <string></string> 
  </void> 
  <void method="put"> 
   <string>fdCreateTime</string> 
   <object class="java.util.Date"> 
    <long>1310103346000</long> 
   </object> 
  </void> 
  <void method="put"> 
   <string>fdStatus</string> 
   <string>0</string> 
  </void> 
  <void method="put"> 
   <string>class</string> 
   <string>com.landray.kmss.third.pda.model.PdaModuleConfigMain</string> 
  </void> 
  <void method="put"> 
   <string>fdUrlScheme</string> 
   <string></string> 
  </void> 
  <void method="put"> 
   <string>fdOrder</string> 
   <int>8</int> 
  </void> 
  <void method="put"> 
   <string>fdSubMenuType</string> 
   <string>listTab</string> 
  </void> 
  <void method="put"> 
   <string>fdName</string> 
   <string>会议管理</string> 
  </void> 
  <void method="put"> 
   <string>fdViewItems</string> 
   <object class="java.util.ArrayList"> 
    <void method="add"> 
     <object class="java.util.HashMap"> 
      <void method="put"> 
       <string>fdKeyword</string> 
       <string>km/meeting</string> 
      </void> 
      <void method="put"> 
       <string>fdItems</string> 
       <object class="java.util.ArrayList"> 
        <void method="add"> 
         <object class="java.util.HashMap"> 
          <void method="put"> 
           <string>fdCfgView</string> 
           <object class="java.util.HashMap"> 
            <void method="put"> 
             <string>fdId</string> 
             <string>1311d4d111f9997511e521b407f96807</string> 
            </void> 
            <void method="put"> 
             <string>class</string> 
             <string>com.landray.kmss.third.pda.model.PdaModuleConfigView</string> 
            </void> 
           </object> 
          </void> 
          <void method="put"> 
           <string>fdId</string> 
           <string>1311d4d111f4a52d26c60234e4da1d19</string> 
          </void> 
          <void method="put"> 
           <string>fdExtendUrl</string> 
           <string></string> 
          </void> 
          <void method="put"> 
           <string>class</string> 
           <string>com.landray.kmss.third.pda.model.PdaModuleLabelView</string> 
          </void> 
          <void method="put"> 
           <string>fdOrder</string> 
           <int>0</int> 
          </void> 
          <void method="put"> 
           <string>fdName</string> 
           <string>会议信息</string> 
          </void> 
          <void method="put"> 
           <string>fdCfgInfo</string> 
           <string>{&quot;propertyList&quot;:[{&quot;propertyName&quot;:&quot;docSubject&quot;,&quot;propertyType&quot;:&quot;String&quot;,&quot;propertyText&quot;:&quot;会议主题&quot;,&quot;messageKey&quot;:&quot;km-meeting:kmMeetingMain.docSubject&quot;},{&quot;propertyName&quot;:&quot;fdHoldDate&quot;,&quot;propertyType&quot;:&quot;Date&quot;,&quot;propertyText&quot;:&quot;召开日期&quot;,&quot;messageKey&quot;:&quot;km-meeting:kmMeetingMain.fdHoldDate&quot;},{&quot;propertyName&quot;:&quot;fdFinishDate&quot;,&quot;propertyType&quot;:&quot;Date&quot;,&quot;propertyText&quot;:&quot;结束日期&quot;,&quot;messageKey&quot;:&quot;km-meeting:kmMeetingMain.fdFinishDate&quot;},{&quot;propertyName&quot;:&quot;fdHoldTime&quot;,&quot;propertyType&quot;:&quot;Date&quot;,&quot;propertyText&quot;:&quot;召开时间&quot;,&quot;messageKey&quot;:&quot;km-meeting:kmMeetingMain.fdHoldTime&quot;},{&quot;propertyName&quot;:&quot;fdFinishTime&quot;,&quot;propertyType&quot;:&quot;Date&quot;,&quot;propertyText&quot;:&quot;结束时间&quot;,&quot;messageKey&quot;:&quot;km-meeting:kmMeetingMain.fdFinishTime&quot;},{&quot;propertyName&quot;:&quot;fdHoldPlace&quot;,&quot;propertyType&quot;:&quot;com.landray.kmss.km.meeting.model.KmMeetingresInfo&quot;,&quot;propertyText&quot;:&quot;召开地点&quot;,&quot;messageKey&quot;:&quot;km-meeting:kmMeetingMain.fdHoldPlace&quot;},{&quot;propertyName&quot;:&quot;fdOtherHoldPlace&quot;,&quot;propertyType&quot;:&quot;String&quot;,&quot;propertyText&quot;:&quot;其他地点&quot;,&quot;messageKey&quot;:&quot;km-meeting:kmMeetingMain.fdOtherHoldPlace&quot;},{&quot;propertyName&quot;:&quot;fdEmcee&quot;,&quot;propertyType&quot;:&quot;com.landray.kmss.sys.organization.model.SysOrgElement&quot;,&quot;propertyText&quot;:&quot;会议组织人&quot;,&quot;messageKey&quot;:&quot;km-meeting:kmMeetingMain.fdEmceeId&quot;},{&quot;propertyName&quot;:&quot;fdOtherEmcee&quot;,&quot;propertyType&quot;:&quot;String&quot;,&quot;propertyText&quot;:&quot;其他组织人&quot;,&quot;messageKey&quot;:&quot;km-meeting:kmMeetingMain.fdOtherEmcee&quot;},{&quot;propertyName&quot;:&quot;fdKmMeetingMainAttendPerson&quot;,&quot;propertyType&quot;:&quot;com.landray.kmss.sys.organization.model.SysOrgElement&quot;,&quot;propertyText&quot;:&quot;与会人员&quot;,&quot;messageKey&quot;:&quot;km-meeting:table.kmMeetingMainAttendPerson&quot;},{&quot;propertyName&quot;:&quot;fdOtherAttendPerson&quot;,&quot;propertyType&quot;:&quot;String&quot;,&quot;propertyText&quot;:&quot;外部与会人员&quot;,&quot;messageKey&quot;:&quot;km-meeting:kmMeetingMain.fdOtherAttendPerson&quot;},{&quot;propertyName&quot;:&quot;docContent&quot;,&quot;propertyType&quot;:&quot;RTF&quot;,&quot;propertyText&quot;:&quot;会议议题&quot;,&quot;messageKey&quot;:&quot;km-meeting:kmMeetingMain.docContent&quot;},{&quot;propertyName&quot;:&quot;attachment&quot;,&quot;propertyType&quot;:&quot;attachment&quot;,&quot;propertyText&quot;:&quot;相关附件&quot;,&quot;messageKey&quot;:&quot;km-meeting:kmMeetingMain.attachment&quot;},{&quot;propertyName&quot;:&quot;fdRemark&quot;,&quot;propertyType&quot;:&quot;String&quot;,&quot;propertyText&quot;:&quot;备注&quot;,&quot;messageKey&quot;:&quot;km-meeting:kmMeetingMain.fdRemark&quot;},{&quot;propertyName&quot;:&quot;docStatus&quot;,&quot;propertyType&quot;:&quot;String&quot;,&quot;propertyText&quot;:&quot;执行状态&quot;,&quot;messageKey&quot;:&quot;km-meeting:kmMeetingMain.docStatus&quot;,&quot;enumType&quot;:&quot;kmMeetingMain_docStaus&quot;}]}</string> 
          </void> 
         </object> 
        </void> 
        <void method="add"> 
         <object class="java.util.HashMap"> 
          <void method="put"> 
           <string>fdCfgView</string> 
           <object class="java.util.HashMap"> 
            <void method="put"> 
             <string>fdId</string> 
             <string>1311d4d111f9997511e521b407f96807</string> 
            </void> 
            <void method="put"> 
             <string>class</string> 
             <string>com.landray.kmss.third.pda.model.PdaModuleConfigView</string> 
            </void> 
           </object> 
          </void> 
          <void method="put"> 
           <string>fdId</string> 
           <string>1311d4d111fab107a2bce7044f5b70a8</string> 
          </void> 
          <void method="put"> 
           <string>fdExtendUrl</string> 
           <string></string> 
          </void> 
          <void method="put"> 
           <string>class</string> 
           <string>com.landray.kmss.third.pda.model.PdaModuleLabelView</string> 
          </void> 
          <void method="put"> 
           <string>fdOrder</string> 
           <int>1</int> 
          </void> 
          <void method="put"> 
           <string>fdName</string> 
           <string>流程</string> 
          </void> 
          <void method="put"> 
           <string>fdCfgInfo</string> 
           <string>{&quot;propertyList&quot;:[{&quot;propertyName&quot;:&quot;flowDef&quot;,&quot;propertyType&quot;:&quot;flowDef&quot;,&quot;propertyText&quot;:&quot;流程机制&quot;,&quot;modelName&quot;:&quot;com.landray.kmss.km.meeting.model.KmMeetingMain&quot;,&quot;templateModelName&quot;:&quot;com.landray.kmss.km.meeting.model.KmMeetingTemplate&quot;,&quot;key&quot;:&quot;mainMeeting&quot;,&quot;templatePropertyName&quot;:&quot;fdMeetingTemplate&quot;,&quot;moduleMessageKey&quot;:&quot;km-meeting:menu.meeting.title&quot;,&quot;type&quot;:&quot;oa&quot;},{&quot;propertyName&quot;:&quot;flowlog&quot;,&quot;propertyType&quot;:&quot;flowlog&quot;,&quot;propertyText&quot;:&quot;流程日志&quot;,&quot;modelName&quot;:&quot;com.landray.kmss.km.meeting.model.KmMeetingMain&quot;,&quot;templateModelName&quot;:&quot;com.landray.kmss.km.meeting.model.KmMeetingTemplate&quot;,&quot;key&quot;:&quot;mainMeeting&quot;,&quot;templatePropertyName&quot;:&quot;fdMeetingTemplate&quot;,&quot;moduleMessageKey&quot;:&quot;km-meeting:menu.meeting.title&quot;,&quot;type&quot;:&quot;oa&quot;}]}</string> 
          </void> 
         </object> 
        </void> 
       </object> 
      </void> 
      <void method="put"> 
       <string>fdModule</string> 
       <object class="java.util.HashMap"> 
        <void method="put"> 
         <string>fdId</string> 
         <string>131083dd0a770d1bb9d5f5f40aa8e8e5</string> 
        </void> 
        <void method="put"> 
         <string>class</string> 
         <string>com.landray.kmss.third.pda.model.PdaModuleConfigMain</string> 
        </void> 
       </object> 
      </void> 
      <void method="put"> 
       <string>fdModelName</string> 
       <string>com.landray.kmss.km.meeting.model.KmMeetingMain</string> 
      </void> 
      <void method="put"> 
       <string>fdId</string> 
       <string>1311d4d111f9997511e521b407f96807</string> 
      </void> 
      <void method="put"> 
       <string>class</string> 
       <string>com.landray.kmss.third.pda.model.PdaModuleConfigView</string> 
      </void> 
      <void method="put"> 
       <string>fdReadingModel</string> 
       <string>0</string> 
      </void> 
      <void method="put"> 
       <string>fdOrder</string> 
       <int>0</int> 
      </void> 
      <void method="put"> 
       <string>fdName</string> 
       <string>会议安排</string> 
      </void> 
      <void method="put"> 
       <string>fdNewsModelCfgInfo</string> 
       <string></string> 
      </void> 
     </object> 
    </void> 
    <void method="add"> 
     <object class="java.util.HashMap"> 
      <void method="put"> 
       <string>fdKeyword</string> 
       <string>km/meeting</string> 
      </void> 
      <void method="put"> 
       <string>fdItems</string> 
       <object class="java.util.ArrayList"> 
        <void method="add"> 
         <object class="java.util.HashMap"> 
          <void method="put"> 
           <string>fdCfgView</string> 
           <object class="java.util.HashMap"> 
            <void method="put"> 
             <string>fdId</string> 
             <string>1311dc64fb1149617dfdd0748b2a3639</string> 
            </void> 
            <void method="put"> 
             <string>class</string> 
             <string>com.landray.kmss.third.pda.model.PdaModuleConfigView</string> 
            </void> 
           </object> 
          </void> 
          <void method="put"> 
           <string>fdId</string> 
           <string>1311dc64fc1a8e1b03d188d4929a4920</string> 
          </void> 
          <void method="put"> 
           <string>fdExtendUrl</string> 
           <string></string> 
          </void> 
          <void method="put"> 
           <string>class</string> 
           <string>com.landray.kmss.third.pda.model.PdaModuleLabelView</string> 
          </void> 
          <void method="put"> 
           <string>fdOrder</string> 
           <int>0</int> 
          </void> 
          <void method="put"> 
           <string>fdName</string> 
           <string>会议纪要</string> 
          </void> 
          <void method="put"> 
           <string>fdCfgInfo</string> 
           <string>{&quot;propertyList&quot;:[{&quot;propertyName&quot;:&quot;docSubject&quot;,&quot;propertyType&quot;:&quot;String&quot;,&quot;propertyText&quot;:&quot;会议名称&quot;,&quot;messageKey&quot;:&quot;km-meeting:kmMeetingSummary.docSubject&quot;},{&quot;propertyName&quot;:&quot;fdHoldDate&quot;,&quot;propertyType&quot;:&quot;DateTime&quot;,&quot;propertyText&quot;:&quot;实际召开日期&quot;,&quot;messageKey&quot;:&quot;km-meeting:kmMeetingSummary.fdHoldDate&quot;},{&quot;propertyName&quot;:&quot;fdHoldTime&quot;,&quot;propertyType&quot;:&quot;DateTime&quot;,&quot;propertyText&quot;:&quot;实际召开时间&quot;,&quot;messageKey&quot;:&quot;km-meeting:kmMeetingSummary.fdHoldTime&quot;},{&quot;propertyName&quot;:&quot;fdHoldPlace&quot;,&quot;propertyType&quot;:&quot;com.landray.kmss.km.resource.model.KmResourceInfo&quot;,&quot;propertyText&quot;:&quot;实际召开地点&quot;,&quot;messageKey&quot;:&quot;km-meeting:kmMeetingSummary.fdHoldPlace&quot;},{&quot;propertyName&quot;:&quot;fdEmcee&quot;,&quot;propertyType&quot;:&quot;com.landray.kmss.sys.organization.model.SysOrgElement&quot;,&quot;propertyText&quot;:&quot;组织人&quot;,&quot;messageKey&quot;:&quot;km-meeting:kmMeetingSummary.fdEmcee&quot;},{&quot;propertyName&quot;:&quot;fdSummaryActuals&quot;,&quot;propertyType&quot;:&quot;com.landray.kmss.sys.organization.model.SysOrgElement&quot;,&quot;propertyText&quot;:&quot;实际与会人员&quot;,&quot;messageKey&quot;:&quot;km-meeting:table.kmMeetingSummaryActual&quot;},{&quot;propertyName&quot;:&quot;fdOtherActualAttend&quot;,&quot;propertyType&quot;:&quot;String&quot;,&quot;propertyText&quot;:&quot;其他实际与会人员&quot;,&quot;messageKey&quot;:&quot;km-meeting:kmMeetingSummary.fdOtherActualAttend&quot;},{&quot;propertyName&quot;:&quot;docContent&quot;,&quot;propertyType&quot;:&quot;RTF&quot;,&quot;propertyText&quot;:&quot;纪要内容&quot;,&quot;messageKey&quot;:&quot;km-meeting:kmMeetingSummary.docContent&quot;},{&quot;propertyName&quot;:&quot;attachment&quot;,&quot;propertyType&quot;:&quot;attachment&quot;,&quot;propertyText&quot;:&quot;相关附件&quot;,&quot;messageKey&quot;:&quot;km-meeting:kmMeetingMain.attachment&quot;},{&quot;propertyName&quot;:&quot;docStatus&quot;,&quot;propertyType&quot;:&quot;String&quot;,&quot;propertyText&quot;:&quot;状态&quot;,&quot;messageKey&quot;:&quot;km-meeting:kmMeetingSummary.docStatus&quot;,&quot;enumType&quot;:&quot;kmMeetingMain_docStaus&quot;}]}</string> 
          </void> 
         </object> 
        </void> 
        <void method="add"> 
         <object class="java.util.HashMap"> 
          <void method="put"> 
           <string>fdCfgView</string> 
           <object class="java.util.HashMap"> 
            <void method="put"> 
             <string>fdId</string> 
             <string>1311dc64fb1149617dfdd0748b2a3639</string> 
            </void> 
            <void method="put"> 
             <string>class</string> 
             <string>com.landray.kmss.third.pda.model.PdaModuleConfigView</string> 
            </void> 
           </object> 
          </void> 
          <void method="put"> 
           <string>fdId</string> 
           <string>1311dc64fc11260a4d0532344b68aa31</string> 
          </void> 
          <void method="put"> 
           <string>fdExtendUrl</string> 
           <string></string> 
          </void> 
          <void method="put"> 
           <string>class</string> 
           <string>com.landray.kmss.third.pda.model.PdaModuleLabelView</string> 
          </void> 
          <void method="put"> 
           <string>fdOrder</string> 
           <int>1</int> 
          </void> 
          <void method="put"> 
           <string>fdName</string> 
           <string>流程</string> 
          </void> 
          <void method="put"> 
           <string>fdCfgInfo</string> 
           <string>{&quot;propertyList&quot;:[{&quot;propertyName&quot;:&quot;flowDef&quot;,&quot;propertyType&quot;:&quot;flowDef&quot;,&quot;propertyText&quot;:&quot;流程机制&quot;,&quot;modelName&quot;:&quot;com.landray.kmss.km.meeting.model.KmMeetingSummary&quot;,&quot;templateModelName&quot;:&quot;com.landray.kmss.km.meeting.model.KmMeetingTemplate&quot;,&quot;key&quot;:&quot;summary&quot;,&quot;templatePropertyName&quot;:&quot;fdMeetingTemplate&quot;,&quot;moduleMessageKey&quot;:&quot;km-meeting:menu.meeting.title&quot;,&quot;type&quot;:&quot;oa&quot;},{&quot;propertyName&quot;:&quot;flowlog&quot;,&quot;propertyType&quot;:&quot;flowlog&quot;,&quot;propertyText&quot;:&quot;流程日志&quot;,&quot;modelName&quot;:&quot;com.landray.kmss.km.meeting.model.KmMeetingSummary&quot;,&quot;templateModelName&quot;:&quot;com.landray.kmss.km.meeting.model.KmMeetingTemplate&quot;,&quot;key&quot;:&quot;summary&quot;,&quot;templatePropertyName&quot;:&quot;fdMeetingTemplate&quot;,&quot;moduleMessageKey&quot;:&quot;km-meeting:menu.meeting.title&quot;,&quot;type&quot;:&quot;oa&quot;}]}</string> 
          </void> 
         </object> 
        </void> 
       </object> 
      </void> 
      <void method="put"> 
       <string>fdModule</string> 
       <object class="java.util.HashMap"> 
        <void method="put"> 
         <string>fdId</string> 
         <string>131083dd0a770d1bb9d5f5f40aa8e8e5</string> 
        </void> 
        <void method="put"> 
         <string>class</string> 
         <string>com.landray.kmss.third.pda.model.PdaModuleConfigMain</string> 
        </void> 
       </object> 
      </void> 
      <void method="put"> 
       <string>fdModelName</string> 
       <string>com.landray.kmss.km.meeting.model.KmMeetingSummary</string> 
      </void> 
      <void method="put"> 
       <string>fdId</string> 
       <string>1311dc64fb1149617dfdd0748b2a3639</string> 
      </void> 
      <void method="put"> 
       <string>class</string> 
       <string>com.landray.kmss.third.pda.model.PdaModuleConfigView</string> 
      </void> 
      <void method="put"> 
       <string>fdReadingModel</string> 
       <string>0</string> 
      </void> 
      <void method="put"> 
       <string>fdOrder</string> 
       <int>1</int> 
      </void> 
      <void method="put"> 
       <string>fdName</string> 
       <string>会议纪要</string> 
      </void> 
      <void method="put"> 
       <string>fdNewsModelCfgInfo</string> 
       <string></string> 
      </void> 
     </object> 
    </void> 
   </object> 
  </void> 
  <void method="put"> 
   <string>fdIconUrl</string> 
   <string>/third/pda/resource/images/icon/module_m07.png</string> 
  </void> 
  <void method="put"> 
   <string>fdAppType</string> 
   <string>0</string> 
  </void> 
  <void method="put"> 
   <string>fdId</string> 
   <string>131083dd0a770d1bb9d5f5f40aa8e8e5</string> 
  </void> 
  <void method="put"> 
   <string>authChangeReaderFlag</string> 
   <boolean>false</boolean> 
  </void> 
  <void method="put"> 
   <string>authAllReaders</string> 
   <object class="java.util.ArrayList"> 
    <void method="add"> 
     <object class="java.util.HashMap"> 
      <void method="put"> 
       <string>fdOrgType</string> 
       <int>8</int> 
      </void> 
      <void method="put"> 
       <string>fdLoginName</string> 
       <string>everyone</string> 
      </void> 
      <void method="put"> 
       <string>fdId</string> 
       <string>1183b0b84ee4f581bba001c47a78b39d</string> 
      </void> 
      <void method="put"> 
       <string>class</string> 
       <string>com.landray.kmss.sys.organization.model.SysOrgPerson</string> 
      </void> 
      <void method="put"> 
       <string>hbmParent.fdName</string> 
       <string></string> 
      </void> 
     </object> 
    </void> 
   </object> 
  </void> 
  <void method="put"> 
   <string>fdDescription</string> 
   <string>查阅各类会议信息和会议纪要，参与会议协作</string> 
  </void> 
 </object> 
</java> 
